{
  "datasets": [
    "Custom (arXiv QA)",
    "HotpotQA"
  ],
  "master_data": {
    "k=0 (parametric)": {
      "Custom (arXiv QA)": {
        "f1": 18.20845388283687,
        "em": 0.0
      },
      "HotpotQA": {
        "f1": 35.47864458671381,
        "em": 22.8
      }
    },
    "k=1 (fixed)": {
      "Custom (arXiv QA)": {
        "f1": 31.655925796906793,
        "em": 5.747126436781609
      },
      "HotpotQA": {
        "f1": 38.91876958542318,
        "em": 25.4
      }
    },
    "k=3 (fixed)": {
      "Custom (arXiv QA)": {
        "f1": 34.01416608043605,
        "em": 4.597701149425287
      },
      "HotpotQA": {
        "f1": 41.97412223432733,
        "em": 27.6
      }
    },
    "k=5 (fixed)": {
      "Custom (arXiv QA)": {
        "f1": 34.387752542470004,
        "em": 3.4482758620689653
      },
      "HotpotQA": {
        "f1": 42.47850172398073,
        "em": 28.799999999999997
      }
    },
    "k=10 (fixed)": {
      "Custom (arXiv QA)": {
        "f1": 34.899526353068374,
        "em": 3.4482758620689653
      },
      "HotpotQA": {
        "f1": 44.57471742929116,
        "em": 29.2
      }
    },
    "RL Dynamic TopK + Learned Rewrite": {
      "Custom (arXiv QA)": {
        "f1": 33.86581555271313,
        "em": 4.597701149425287
      },
      "HotpotQA": {
        "f1": 45.86896672754145,
        "em": 30.2
      }
    }
  }
}