{
  "features": {
    "corr_length_topk": NaN,
    "corr_words_topk": NaN,
    "type_summary": {
      "other": {
        "n": 215,
        "avg_topk": 10.0,
        "avg_f1": 0.4336766373130935
      },
      "which": {
        "n": 71,
        "avg_topk": 10.0,
        "avg_f1": 0.600954014686409
      },
      "who": {
        "n": 33,
        "avg_topk": 10.0,
        "avg_f1": 0.31302031302031297
      },
      "is": {
        "n": 2,
        "avg_topk": 10.0,
        "avg_f1": 0.0
      },
      "what": {
        "n": 122,
        "avg_topk": 10.0,
        "avg_f1": 0.44503819154258123
      },
      "how": {
        "n": 3,
        "avg_topk": 10.0,
        "avg_f1": 0.2294372294372294
      },
      "where": {
        "n": 12,
        "avg_topk": 10.0,
        "avg_f1": 0.4142094017094016
      },
      "do": {
        "n": 6,
        "avg_topk": 10.0,
        "avg_f1": 0.5
      },
      "are": {
        "n": 19,
        "avg_topk": 10.0,
        "avg_f1": 0.8421052631578947
      },
      "when": {
        "n": 8,
        "avg_topk": 10.0,
        "avg_f1": 0.40279720279720277
      },
      "can": {
        "n": 1,
        "avg_topk": 10.0,
        "avg_f1": 0.0
      },
      "how many": {
        "n": 6,
        "avg_topk": 10.0,
        "avg_f1": 0.12393162393162394
      },
      "why": {
        "n": 1,
        "avg_topk": 10.0,
        "avg_f1": 0.1875
      },
      "does": {
        "n": 1,
        "avg_topk": 10.0,
        "avg_f1": 0.0
      }
    }
  },
  "adaptation": {
    "n_different": 500,
    "pct_different": 100.0,
    "rl_f1_on_divergent": 0.45868966727541444,
    "k3_f1_on_divergent": 0.41974122234327327
  },
  "buckets": {
    "10": {
      "count": 500,
      "mean_f1": 0.45868966727541444,
      "std_f1": 0.42424635554894663
    }
  },
  "difficulty": {
    "level_breakdown": {
      "hard": {
        "n": 500,
        "avg_topk": 10.0,
        "avg_f1": 0.45868966727541444
      }
    },
    "type_breakdown": {
      "bridge": {
        "n": 406,
        "avg_topk": 10.0,
        "avg_f1": 0.4385130572017918
      },
      "comparison": {
        "n": 94,
        "avg_topk": 10.0,
        "avg_f1": 0.5458354512104232
      }
    }
  }
}